{"cameraMode":{"drawMode":0,"name":"Shaded","section":"Shading Mode"},"sceneLighting":true,"audioPlay":false,"sceneViewState":{"showFog":true,"showMaterialUpdate":false,"showSkybox":true,"showFlares":true,"showImageEffects":true,"showParticleSystems":true},"in2DMode":false,"pivot":{"x":5.326255798339844,"y":-4.332934379577637,"z":5.408195495605469},"rotation":{"x":-0.38502606749534609,"y":0.02575082890689373,"z":-0.010747584514319897,"w":-0.922485888004303},"size":8.402478218078614,"orthographic":false}